,old_imageIds,old_json
0,170534,2114305.json
5,283965,2114305.json
6,173462,2114305.json
11,173306,2105857.json
15,172076,2112566.json
26,244523,2112566.json
28,244525,2112566.json
32,171645,2113426.json
36,172587,2112549.json
53,173497,2105954.json
57,173501,2105954.json
63,240690,2105954.json
75,170827,2113078.json
77,492108,2113078.json
85,492110,2113952.json
93,492115,2113953.json
101,148806,2113955.json
109,492122,2113956.json
117,149162,2110775.json
125,492073,2113957.json
133,149142,2110705.json
149,172123,2110784.json
157,172704,2110788.json
165,148707,2110791.json
173,149253,2113958.json
181,151131,2110709.json
189,172729,2110792.json
197,151229,2110710.json
205,149297,2110793.json
213,171478,2110794.json
221,149300,2113959.json
229,149310,2110795.json
237,149405,2110796.json
245,494653,2113960.json
253,171547,2113963.json
269,171120,2110798.json
277,494696,2113967.json
285,170889,2110800.json
293,172382,2110803.json
301,172343,2113969.json
309,172312,2110837.json
317,172334,2110838.json
325,172353,2113972.json
333,172395,2110839.json
341,172411,2110840.json
349,172625,2110841.json
357,172538,2110842.json
365,172557,2110843.json
373,494670,2113975.json
381,148839,2110844.json
389,172497,2110846.json
397,494676,2113978.json
405,494680,2113979.json
413,494681,2113998.json
429,148746,2110847.json
437,172637,2110848.json
445,494687,2113981.json
453,504567,2113982.json
461,172524,2110850.json
477,504580,2113984.json
485,494699,2113985.json
493,171522,2110852.json
501,172575,2113987.json
517,173068,2110863.json
525,173088,2110864.json
533,173113,2110865.json
541,494708,2113926.json
549,195293,2113990.json
557,497346,2113991.json
565,497355,2113992.json
573,497358,2113993.json
581,497361,2113996.json
589,504534,2113997.json
597,173129,2111857.json
605,173100,2110731.json
613,149015,2117867.json
620,194174,2114009.json
628,198283,2114011.json
636,196121,2114014.json
644,270951,2114015.json
652,271000,2114016.json
660,270963,2113923.json
668,270983,2114017.json
676,270998,2114020.json
684,216925,2114021.json
692,216937,2111824.json
700,217344,2110880.json
708,239953,2111826.json
716,216952,2111827.json
724,216959,2111829.json
732,217363,2111830.json
740,216967,2111831.json
748,239980,2111832.json
756,239983,2112062.json
764,240000,2112063.json
780,242824,2111834.json
788,242814,2111837.json
796,243864,2111839.json
804,242846,2111838.json
812,245966,2111841.json
820,245974,2111842.json
828,249080,2111843.json
836,249088,2111844.json
844,249091,2111845.json
852,249104,2111846.json
860,250944,2112064.json
868,250953,2112065.json
876,250955,2112066.json
884,250965,2111854.json
892,250970,2111855.json
900,278324,2112067.json
908,278316,2111856.json
916,278346,2112069.json
924,278336,2112068.json
932,278362,2112073.json
940,278354,2112070.json
948,278357,2112071.json
956,278371,2114028.json
964,278399,2112079.json
972,278403,2112081.json
980,278374,2112074.json
988,278382,2112076.json
996,278389,2112077.json
1004,278411,2112086.json
1012,278417,2112088.json
1020,278419,2112090.json
1028,278427,2112095.json
1036,278762,2112097.json
1052,278768,2112099.json
1060,278774,2112100.json
1068,278778,2112104.json
1076,283990,2114030.json
1084,283984,2114029.json
1092,284140,2114031.json
1100,291648,2114036.json
1108,291659,2114037.json
1116,287119,2114032.json
1124,287149,2114064.json
1132,287137,2114033.json
1140,287141,2114008.json
1148,288082,2114034.json
1156,288086,2114035.json
1164,293297,2114038.json
1172,310540,2114046.json
1180,293303,2114039.json
1188,297816,2114040.json
1196,297826,2114041.json
1204,297834,2114042.json
1212,297842,2113922.json
1220,297846,2114043.json
1228,298036,2114025.json
1236,298040,2114044.json
1244,298041,2114045.json
1252,310560,2113921.json
1260,310563,2114047.json
1268,310780,2114048.json
1276,310782,2114049.json
1284,310789,2114050.json
1292,311868,2114051.json
1300,311874,2114052.json
1308,311876,2114053.json
1316,317109,2114054.json
1324,317110,2114055.json
1332,317118,2114056.json
1340,317768,2114057.json
1348,317817,2114065.json
1356,317836,2114067.json
1364,317775,2114058.json
1372,317803,2114060.json
1380,317811,2114061.json
1388,317792,2114059.json
1396,317850,2114010.json
1404,171271,2111887.json
1412,318113,2114062.json
1420,171481,2111910.json
1428,149064,2112061.json
1434,172866,2111103.json
1444,173464,2111103.json
1458,172205,2110667.json
1464,540320,2114103.json
1468,240686,2106108.json
1473,240688,2106108.json
1490,240687,2106109.json
1494,240684,2106109.json
1500,244631,2106109.json
1512,240683,2106110.json
1534,240689,2106111.json
1538,240685,2106111.json
1556,240681,2106113.json
1562,149126,2113954.json
1568,598889,2115422.json
1580,208860,2106123.json
1584,208864,2106123.json
1590,208865,2106123.json
1602,194734,2106054.json
1606,194739,2106054.json
1624,409436,2107235.json
1628,409442,2107236.json
1638,409434,2107236.json
1650,409440,2107237.json
1655,409439,2107237.json
1662,409432,2107237.json
1666,409431,2107237.json
1672,409437,2107238.json
1682,409433,2107238.json
1695,409444,2110590.json
1699,409443,2110590.json
1705,409435,2110590.json
1717,195523,2106130.json
1734,195516,2106131.json
1738,195517,2106131.json
1744,195524,2106131.json
1756,195521,2106132.json
1778,195519,2106133.json
1782,195520,2106133.json
1792,195522,2106133.json
1800,195515,2106134.json
1804,371878,2119171.json
1814,371881,2119171.json
1826,204500,2112601.json
1830,204497,2112601.json
1866,204498,2106140.json
1870,204501,2106140.json
1910,204499,2106142.json
1914,204502,2106142.json
1920,204504,2106142.json
1932,204383,2106143.json
1936,172929,2111102.json
1940,172868,2111106.json
1957,172869,2111105.json
1967,173463,2111105.json
1979,172863,2111104.json
1983,172872,2111104.json
1989,173471,2111104.json
1993,173465,2111104.json
2003,194159,2111823.json
2009,151099,2105890.json
2031,170307,2115974.json
2053,170294,2115973.json
2075,170310,2115972.json
2097,170301,2115971.json
2108,170280,2115970.json
2114,151103,2110708.json
2122,194172,2110883.json
2130,270991,2113925.json
2136,240667,2106099.json
2158,240669,2106097.json
2175,240668,2106098.json
2197,240670,2106100.json
2219,240666,2106101.json
2223,172078,2112567.json
2245,579647,2115371.json
2249,240674,2106103.json
2254,240676,2106103.json
2271,240675,2106104.json
2275,240679,2106104.json
2293,240678,2106105.json
2315,240677,2106106.json
2319,240680,2106106.json
2337,240673,2106107.json
2341,193867,2106036.json
2358,193872,2106037.json
2380,193869,2106039.json
2412,193874,2106040.json
2424,193878,2106044.json
2432,508816,2112759.json
2437,508811,2112759.json
2442,520553,2112759.json
2446,520552,2112759.json
2450,504866,2112768.json
2460,504862,2112768.json
2476,508817,2112764.json
2481,508808,2112764.json
2486,520554,2112764.json
2490,520551,2112764.json
2494,508818,2112715.json
2500,520555,2112715.json
2516,504864,2112702.json
2520,504863,2113321.json
2530,504861,2113321.json
2542,414799,2107221.json
2546,434217,2107222.json
2556,434208,2107222.json
2568,434212,2107223.json
2573,434211,2107223.json
2580,434205,2107223.json
2584,434203,2107223.json
2590,434216,2107224.json
2598,434209,2107224.json
2602,434210,2107224.json
2614,527321,2113930.json
2620,421541,2107216.json
2624,421553,2107217.json
2634,421546,2107217.json
2646,421548,2107218.json
2658,421543,2107218.json
2662,421542,2107218.json
2668,410687,2107218.json
2669,421554,2107219.json
2679,421547,2107219.json
2691,421552,2107220.json
2695,421551,2107220.json
2701,414312,2107220.json
2705,421545,2107220.json
2716,172684,2110711.json
2721,194501,2106026.json
2738,194498,2106027.json
2760,194497,2106028.json
2770,194500,2106028.json
2782,194499,2106029.json
2804,194711,2106030.json
2808,198545,2106089.json
2812,198538,2106089.json
2818,198539,2106089.json
2830,521131,2112986.json
2834,521126,2113343.json
2839,521135,2113343.json
2847,521127,2113343.json
2851,521141,2113343.json
2856,521129,2113342.json
2860,521128,2113342.json
2866,521137,2113342.json
2870,521123,2113342.json
2878,521125,2113341.json
2885,521139,2113341.json
2889,521130,2113341.json
2895,521140,2113341.json
2900,521133,2113340.json
2904,521134,2113340.json
2910,521124,2113340.json
2914,521138,2113340.json
2922,172487,2112564.json
2944,172539,2112563.json
2966,172577,2112562.json
2988,172505,2112561.json
3005,172596,2112560.json
3009,317840,2105881.json
3026,317839,2105881.json
3033,172300,2110712.json
3039,317847,2105882.json
3061,318073,2105886.json
3083,317857,2105884.json
3105,317864,2105885.json
3122,317865,2105885.json
3127,318092,2105887.json
3149,318097,2105888.json
3171,318101,2105889.json
3193,173484,2105947.json
3210,173485,2105948.json
3232,173483,2105949.json
3236,173491,2105949.json
3254,173486,2105950.json
3276,173448,2105951.json
3302,193927,2105972.json
3324,193928,2105974.json
3346,193926,2105975.json
3368,193561,2105976.json
3372,208850,2106144.json
3389,208851,2106145.json
3393,208855,2106145.json
3411,208854,2106146.json
3433,208853,2106147.json
3437,208856,2106147.json
3455,206151,2106148.json
3459,173262,2110959.json
3476,173261,2110958.json
3498,173264,2110957.json
3520,173310,2110955.json
3524,173263,2110954.json
3546,194488,2106011.json
3551,217278,2106011.json
3568,194489,2106012.json
3572,194493,2106012.json
3578,194496,2106012.json
3590,194492,2106013.json
3600,194495,2106013.json
3612,194491,2106014.json
3616,194494,2106014.json
3634,194537,2106020.json
3638,195035,2105978.json
3660,195031,2105979.json
3682,195032,2105980.json
3704,195034,2105981.json
3708,402008,2107211.json
3712,402015,2107212.json
3722,402009,2107212.json
3734,402006,2107213.json
3739,402011,2107213.json
3746,404308,2107213.json
3756,402016,2107214.json
3766,402010,2107214.json
3778,194732,2106049.json
3783,194735,2106049.json
3800,194733,2106050.json
3804,194737,2106050.json
3822,194742,2106051.json
3844,194745,2106053.json
3850,148729,2110713.json
3856,579653,2115377.json
3860,579650,2115378.json
3864,579642,2115368.json
3868,556389,2116685.json
3875,556395,2116685.json
3879,556392,2116685.json
3885,556390,2116685.json
3890,556393,2116684.json
3894,170537,2114308.json
3916,170533,2114307.json
3938,170539,2114306.json
3960,170529,2114303.json
3966,504550,2114019.json
3972,598888,2115423.json
3978,523692,2113949.json
3984,172065,2113216.json
4006,172063,2113215.json
4028,172066,2113213.json
4050,172064,2113210.json
4061,172032,2113211.json
4065,172845,2112541.json
4087,172843,2112540.json
4109,172846,2112539.json
4131,172844,2112538.json
4148,172924,2112537.json
4152,193920,2105992.json
4157,193918,2105992.json
4174,193924,2105993.json
4178,193923,2105993.json
4196,193921,2105994.json
4218,193856,2105995.json
4240,193906,2105996.json
4244,171672,2113364.json
4266,171648,2113363.json
4288,171671,2113361.json
4310,171639,2113360.json
4321,171673,2113358.json
4327,506827,2113948.json
4335,173148,2110714.json
4341,173454,2105937.json
4358,173459,2105938.json
4380,173457,2105939.json
4384,173470,2105939.json
4402,173460,2105940.json
4424,169400,2105941.json
4430,523685,2113946.json
4436,392280,2107248.json
4440,392283,2107249.json
4450,392278,2107249.json
4462,392282,2110168.json
4467,392281,2110168.json
4474,392276,2110168.json
4484,525320,2113672.json
4494,525322,2113672.json
4506,525316,2113671.json
4524,525321,2113671.json
4528,525323,2113670.json
4538,525318,2113670.json
4574,525317,2113668.json
4604,173183,2111858.json
4612,525379,2113940.json
4618,579646,2115372.json
4622,421538,2119148.json
4632,421535,2119148.json
4644,390487,2119153.json
4654,390480,2119153.json
4666,390484,2119152.json
4670,390486,2119152.json
4676,390478,2119152.json
4680,390479,2119152.json
4688,421537,2119151.json
4693,421315,2119151.json
4700,421534,2119151.json
4704,421533,2119151.json
4712,525429,2119150.json
4718,390483,2119149.json
4722,579658,2115382.json
4728,173678,2111859.json
4736,525390,2113939.json
4742,171356,2113735.json
4764,171350,2113734.json
4786,171358,2113733.json
4808,171347,2113731.json
4812,173693,2105892.json
4834,153740,2105893.json
4838,153747,2105893.json
4856,172858,2112534.json
4878,172855,2112483.json
4900,172857,2112482.json
4922,172856,2112481.json
4939,172927,2112480.json
4945,173544,2111860.json
4953,173586,2111861.json
4959,196707,2106075.json
4976,196709,2106077.json
4980,196715,2106077.json
4998,205539,2106078.json
5020,196712,2106079.json
5024,196714,2106079.json
5042,205545,2106080.json
5046,409656,2113604.json
5050,409653,2113604.json
5056,409662,2113604.json
5060,409663,2113604.json
5068,409657,2113603.json
5078,409664,2113603.json
5091,409654,2113602.json
5101,409660,2113602.json
5113,409356,2113601.json
5117,409659,2113600.json
5121,409655,2113600.json
5127,409661,2113600.json
5139,409658,2113600.json
5142,173689,2111862.json
5150,173707,2111863.json
5164,434219,2107181.json
5168,434237,2107182.json
5178,434225,2107182.json
5190,434233,2107201.json
5197,434224,2107201.json
5203,434223,2107201.json
5207,434231,2107201.json
5212,421954,2107202.json
5216,421307,2107202.json
5222,421942,2107202.json
5234,421946,2107203.json
5238,421957,2107203.json
5244,421935,2107203.json
5248,421936,2107203.json
5256,171366,2113730.json
5278,171363,2113729.json
5300,171369,2113728.json
5322,171364,2113727.json
5333,171361,2113726.json
5337,520308,2113531.json
5341,520302,2113531.json
5347,520315,2113531.json
5351,520312,2113531.json
5359,520309,2113530.json
5366,520314,2113530.json
5370,520311,2113530.json
5376,520301,2113530.json
5381,520306,2113529.json
5385,520316,2113529.json
5391,520319,2113529.json
5395,520303,2113529.json
5403,520310,2113528.json
5408,520304,2113528.json
5416,520320,2113528.json
5420,520317,2113528.json
5425,520305,2113526.json
5431,198789,2111864.json
5437,194545,2105982.json
5447,415143,2105982.json
5459,194550,2105983.json
5498,194549,2105985.json
5508,415146,2105985.json
5520,194548,2105986.json
5524,547913,2115482.json
5534,547914,2115482.json
5548,547911,2115481.json
5558,547899,2115481.json
5577,547900,2115480.json
5587,547912,2115480.json
5592,547918,2115479.json
5620,190253,2111865.json
5628,182219,2111866.json
5634,579662,2115383.json
5640,182240,2111867.json
5648,189486,2111868.json
5656,189379,2111869.json
5662,196550,2105987.json
5679,196549,2105988.json
5723,196545,2105990.json
5745,196546,2105991.json
5749,598891,2115424.json
5755,190682,2111870.json
5763,190338,2111871.json
5769,403330,2107204.json
5773,433650,2107205.json
5783,433645,2107205.json
5795,433640,2107206.json
5811,433641,2107206.json
5817,403341,2107206.json
5819,433649,2107207.json
5829,433642,2107207.json
5833,433643,2107207.json
5841,433652,2107208.json
5851,433646,2107208.json
5855,433647,2107208.json
5863,244024,2106165.json
5880,244025,2106166.json
5884,244022,2106166.json
5902,244021,2106167.json
5924,244026,2106168.json
5928,244023,2106168.json
5934,245919,2106168.json
5946,244625,2106169.json
5950,382793,2107239.json
5954,406740,2107240.json
5964,406732,2107240.json
5976,406738,2107242.json
5981,406734,2107242.json
5992,406729,2107242.json
5998,406739,2107245.json
6012,406735,2107245.json
6020,406741,2107246.json
6030,406733,2107246.json
6042,406910,2107268.json
6046,406923,2110232.json
6056,406916,2110232.json
6068,406921,2110237.json
6072,406922,2110237.json
6078,406914,2110237.json
6082,406915,2110237.json
6090,406924,2110238.json
6100,406917,2110238.json
6112,406920,2110234.json
6117,406919,2110234.json
6124,406913,2110234.json
6128,406911,2110234.json
6134,434218,2110158.json
6138,407785,2110158.json
6139,434220,2110158.json
6140,434238,2110159.json
6150,434226,2110159.json
6184,434241,2110161.json
6188,434239,2110161.json
6190,434228,2110161.json
6198,434229,2110161.json
6206,434234,2110162.json
6210,434232,2110162.json
6216,434222,2110162.json
6228,409042,2110208.json
6232,409044,2110213.json
6237,409043,2110213.json
6244,409040,2110213.json
6248,409037,2110213.json
6254,409048,2110217.json
6264,409041,2110217.json
6276,409047,2110210.json
6298,409046,2110224.json
6302,409045,2110224.json
6308,409038,2110224.json
6312,409039,2110224.json
6322,189512,2111872.json
6328,392284,2110169.json
6338,392279,2110169.json
6350,391769,2107183.json
6354,392271,2107184.json
6364,392266,2107184.json
6376,392269,2107185.json
6388,392264,2107185.json
6398,392270,2107187.json
6408,392265,2107187.json
6420,390996,2107175.json
6424,390995,2107175.json
6430,390989,2107175.json
6434,390990,2107175.json
6442,390997,2107176.json
6452,390991,2107176.json
6464,390998,2107177.json
6474,390992,2107177.json
6508,390994,2107179.json
6512,547910,2115487.json
6536,547908,2115486.json
6575,547909,2115485.json
6580,547917,2115484.json
6608,189537,2111873.json
6614,151287,2105895.json
6618,151289,2105895.json
6638,153736,2110689.json
6644,404923,2107193.json
6648,405282,2107194.json
6658,405281,2107194.json
6670,406722,2107195.json
6675,406721,2107195.json
6682,406718,2107195.json
6686,406717,2107195.json
6692,405283,2107196.json
6702,405280,2107196.json
6714,406724,2107199.json
6718,406723,2107199.json
6724,406719,2107199.json
6728,406720,2107199.json
6736,392272,2107186.json
6746,392267,2107186.json
6758,193939,2105997.json
6762,193940,2105997.json
6780,193938,2105998.json
6784,193936,2105998.json
6802,579645,2115373.json
6808,171489,2114018.json
6836,547903,2115497.json
6860,547904,2115496.json
6899,547902,2115495.json
6904,547915,2115494.json
6930,579648,2115374.json
6934,434213,2107226.json
6938,434215,2107226.json
6944,434206,2107226.json
6948,434207,2107226.json
6956,414810,2107226.json
6957,524252,2113853.json
6961,173474,2105942.json
6978,173475,2105943.json
7000,173473,2105944.json
7004,173481,2105944.json
7022,173476,2105945.json
7044,173450,2105946.json
7048,204505,2106150.json
7065,204507,2106151.json
7087,204506,2106152.json
7109,204508,2106153.json
7126,204384,2106154.json
7130,579656,2115380.json
7134,515927,2112693.json
7138,515893,2112693.json
7144,515899,2112693.json
7148,515907,2112693.json
7156,515920,2112691.json
7163,515891,2112691.json
7167,515919,2112691.json
7173,515925,2112691.json
7178,515916,2112690.json
7182,515923,2112690.json
7188,515903,2112690.json
7192,515909,2112690.json
7200,515914,2112689.json
7204,515917,2112964.json
7209,515896,2112964.json
7217,515911,2112964.json
7221,515894,2112964.json
7226,525274,2113652.json
7236,525275,2113652.json
7248,525279,2113639.json
7252,525276,2113639.json
7258,525277,2113639.json
7266,525281,2113639.json
7270,525272,2113632.json
7280,525278,2113632.json
7301,525271,2113631.json
7311,525280,2113631.json
7316,525273,2113630.json
7320,525252,2113620.json
7324,522840,2113460.json
7328,525253,2113460.json
7334,525257,2113460.json
7338,522836,2113460.json
7346,525259,2113456.json
7353,525258,2113456.json
7357,522848,2113456.json
7363,522830,2113456.json
7368,525254,2113455.json
7372,522838,2113455.json
7378,522837,2113455.json
7382,525256,2113455.json
7390,522841,2113567.json
7395,522832,2113567.json
7403,522833,2113567.json
7407,522846,2113567.json
7412,506920,2118089.json
7420,506894,2118089.json
7434,506926,2118088.json
7438,525553,2116683.json
7448,525557,2116683.json
7460,525554,2116682.json
7478,525556,2116682.json
7482,525552,2114161.json
7492,525558,2114161.json
7528,525555,2113700.json
7532,407398,2110249.json
7536,407417,2110250.json
7546,407406,2110250.json
7558,407415,2110252.json
7562,407413,2110252.json
7568,407403,2110252.json
7572,407404,2110252.json
7580,407419,2110253.json
7590,407408,2110253.json
7602,407411,2110251.json
7607,407410,2110251.json
7614,407402,2110251.json
7618,407400,2110251.json
7624,414583,2119117.json
7634,414578,2119117.json
7646,414584,2119116.json
7650,564246,2117101.json
7654,414581,2119120.json
7664,414314,2119120.json
7676,414582,2119119.json
7680,414579,2119119.json
7686,414575,2119119.json
7690,414576,2119119.json
7698,414580,2119118.json
7710,414574,2119118.json
7714,414573,2119118.json
7720,415130,2107192.json
7724,415132,2107192.json
7730,415124,2107192.json
7734,415121,2107192.json
7744,149024,2117869.json
7750,414815,2107188.json
7754,414817,2107189.json
7764,414816,2107189.json
7776,415126,2107190.json
7781,415125,2107190.json
7788,415119,2107190.json
7792,415118,2107190.json
7798,415128,2107191.json
7808,415122,2107191.json
7820,504925,2118098.json
7824,504927,2118097.json
7831,504924,2118097.json
7872,504929,2118095.json
7894,504926,2118094.json
7903,504928,2118094.json
7914,284146,2114063.json
7920,284148,2105896.json
7924,284149,2105896.json
7946,504888,2118101.json
7956,504885,2118101.json
7966,527327,2113929.json
7972,195606,2106055.json
7994,195601,2106056.json
8016,195526,2106057.json
8038,195604,2106058.json
8042,195527,2106058.json
8060,191642,2106059.json
8064,504948,2113077.json
8076,507094,2113077.json
8086,507089,2113076.json
8090,507095,2113337.json
8095,504912,2113337.json
8112,504911,2113336.json
8124,507091,2113336.json
8156,198542,2106086.json
8161,198537,2106086.json
8168,198540,2106086.json
8200,198544,2106090.json
8204,198541,2106087.json
8208,198543,2106087.json
8226,196570,2106070.json
8243,196573,2106071.json
8247,196576,2106071.json
8265,196575,2106072.json
8287,196574,2106073.json
8291,196577,2106073.json
8309,196565,2106074.json
8313,504880,2118103.json
8327,504884,2118103.json
8349,504881,2118102.json
8379,504877,2118099.json
8391,505409,2113123.json
8395,505406,2113123.json
8401,505413,2113123.json
8409,505408,2113120.json
8431,505412,2113119.json
8435,505410,2113127.json
8449,505407,2113127.json
8479,172584,2112552.json
8501,172592,2112551.json
8523,172525,2112550.json
8545,172598,2112548.json
8549,172589,2112547.json
8571,172492,2112544.json
8588,172485,2112543.json
8610,172602,2112542.json
8614,524238,2113907.json
8618,524235,2113907.json
8643,524239,2113905.json
8653,524236,2113905.json
8658,504949,2113904.json
8680,524229,2113903.json
8702,524230,2113858.json
8706,579659,2115379.json
8710,244039,2106175.json
8715,244037,2106175.json
8732,244040,2106176.json
8736,244036,2106176.json
8754,244035,2106177.json
8764,244042,2106177.json
8776,244041,2106178.json
8780,244038,2106178.json
8790,244531,2106178.json
8798,244628,2106179.json
8810,505422,2118108.json
8820,505416,2118108.json
8850,505421,2118106.json
8872,505418,2118105.json
8886,505423,2118105.json
8894,505417,2118104.json
8902,504903,2113074.json
8907,504906,2113074.json
8924,504902,2113073.json
8931,504907,2113073.json
8946,504935,2113069.json
8958,504908,2113069.json
8985,504873,2113064.json
8998,317823,2114066.json
9004,317831,2105880.json
9008,317829,2105880.json
9048,195916,2106062.json
9052,195917,2106062.json
9092,195912,2106061.json
9096,195921,2106061.json
9114,195911,2106063.json
9118,195915,2106063.json
9136,195920,2106064.json
9143,317868,2109855.json
9148,172848,2112536.json
9165,172925,2112535.json
9169,318111,2105891.json
9186,318110,2105891.json
9193,318074,2111908.json
9201,317860,2111909.json
9207,504934,2113063.json
9212,504938,2113063.json
9229,504931,2112971.json
9246,504936,2112971.json
9273,504932,2112969.json
9295,504930,2112968.json
9299,579661,2115386.json
9305,318079,2111911.json
9321,318088,2111913.json
9335,504950,2112953.json
9340,504953,2112953.json
9423,504952,2112946.json
9429,318107,2111915.json
9437,318100,2111916.json
9445,318093,2111919.json
9451,173494,2105952.json
9468,173495,2105953.json
9490,173496,2105955.json
9512,173446,2105956.json
9518,525447,2113933.json
9524,522455,2119169.json
9531,522452,2119169.json
9535,522450,2119169.json
9541,522454,2119169.json
9546,522449,2119168.json
9556,522456,2119168.json
9612,522453,2119165.json
9706,523639,2113517.json
9710,523640,2113521.json
9717,523645,2113521.json
9721,523634,2113521.json
9727,523635,2113521.json
9732,523641,2113520.json
9737,523632,2113520.json
9745,523636,2113520.json
9749,523631,2113520.json
9754,523633,2113519.json
9758,523644,2113519.json
9764,523642,2113519.json
9768,523638,2113519.json
9776,523637,2113518.json
9780,523647,2113518.json
9786,523643,2113518.json
9790,523648,2113518.json
9798,404309,2107215.json
9820,240695,2106118.json
9824,240698,2106118.json
9842,240691,2106119.json
9846,240692,2106114.json
9851,240694,2106114.json
9868,240693,2106115.json
9872,240697,2106115.json
9890,240696,2106116.json
9912,524259,2113854.json
9916,172483,2112545.json
9938,506905,2118093.json
10004,172058,2112576.json
10026,244029,2106173.json
10030,244031,2106173.json
10050,149042,2113928.json
10056,530056,2113869.json
10061,530041,2113869.json
10069,530033,2113869.json
10073,530058,2113869.json
10078,530052,2114084.json
10085,530037,2114084.json
10089,530031,2114084.json
10095,530054,2114084.json
10122,530055,2114082.json
10126,530057,2114082.json
10132,530035,2114082.json
10140,530040,2114082.json
10144,530059,2113851.json
10148,172057,2112578.json
10170,172059,2112577.json
10192,172060,2112575.json
10209,172034,2112574.json
10215,525424,2113941.json
10221,195014,2106031.json
10238,195015,2106032.json
10242,195019,2106032.json
10260,195018,2106033.json
10282,195020,2106034.json
10304,193877,2106035.json
10308,540341,2114104.json
10312,240659,2106155.json
10317,240661,2106155.json
10334,240663,2106157.json
10356,240658,2106159.json
10360,240660,2106156.json
10364,240664,2106156.json
10382,240662,2106158.json
10386,240665,2106158.json
10426,210107,2105961.json
10430,210103,2105961.json
10448,210287,2105962.json
10470,209734,2105963.json
10474,400672,2118358.json
10478,400670,2118358.json
10484,400675,2118358.json
10488,400677,2118358.json
10496,400673,2118357.json
10506,400678,2118357.json
10518,400669,2118356.json
10528,400674,2118356.json
10544,400671,2118355.json
10550,400676,2118355.json
10562,403223,2118354.json
10568,153739,2110770.json
10574,527273,2113859.json
10578,206152,2106124.json
10582,208857,2106120.json
10587,208863,2106120.json
10604,208858,2106121.json
10608,208862,2106121.json
10626,208861,2106122.json
10650,171566,2113986.json
10656,409645,2116074.json
10660,409644,2116073.json
10670,409638,2116073.json
10684,409649,2116072.json
10688,409640,2116072.json
10694,409641,2116072.json
10698,409643,2116072.json
10706,409637,2116071.json
10716,409648,2116071.json
10735,409642,2116070.json
10745,409650,2116070.json
10752,149057,2114026.json
10760,153762,2114027.json
10766,171353,2113732.json
10777,210245,2105960.json
10799,194999,2106021.json
10816,193941,2105999.json
10820,193942,2105999.json
10838,193910,2106000.json
10844,193507,2111874.json
10852,190616,2111875.json
10858,195930,2106065.json
10870,195928,2106065.json
10880,195923,2106066.json
10884,195924,2106066.json
10902,195931,2106067.json
10924,195926,2106068.json
10928,195932,2106068.json
10934,195927,2106068.json
10946,195925,2106069.json
10950,172482,2112559.json
10972,172484,2112558.json
10994,172479,2112557.json
11011,172491,2112555.json
11033,172600,2112554.json
11039,190665,2111876.json
11045,195967,2105964.json
11062,196019,2105965.json
11084,196021,2105966.json
11106,195970,2105967.json
11128,195969,2105968.json
11134,193513,2111877.json
11140,194120,2106001.json
11162,194117,2106002.json
11166,194114,2106002.json
11184,194116,2106003.json
11206,194119,2106004.json
11210,194115,2106004.json
11228,194118,2106005.json
11234,193522,2111878.json
11240,579664,2115384.json
11246,191108,2111879.json
11252,547907,2115492.json
11276,547905,2115491.json
11315,547906,2115490.json
11320,547916,2115489.json
11346,579663,2115385.json
11352,193544,2111880.json
11358,579643,2115369.json
11364,193548,2111881.json
11370,171653,2113435.json
11392,171637,2113434.json
11403,171654,2113433.json
11407,171656,2113489.json
11429,171669,2113488.json
11453,193557,2111882.json
11461,194151,2111883.json
11467,204521,2106161.json
11489,204482,2106164.json
11493,204520,2106160.json
11498,204522,2106160.json
11505,204529,2106160.json
11515,204525,2106162.json
11537,204528,2106163.json
11541,204524,2106163.json
11547,204503,2106163.json
11551,204530,2106163.json
11561,194156,2114004.json
11589,169090,2116075.json
11593,172069,2112573.json
11615,172067,2112572.json
11637,172068,2112571.json
11654,579651,2115376.json
11658,579655,2115381.json
11664,194161,2111884.json
11670,244027,2106170.json
11677,204514,2106170.json
11687,244028,2106171.json
11691,244032,2106171.json
11697,204515,2106171.json
11709,244030,2106172.json
11731,244627,2106174.json
11735,537606,2114246.json
11739,537605,2114246.json
11757,537602,2114245.json
11774,537607,2114245.json
11779,537603,2114244.json
11783,173285,2105858.json
11800,173288,2105859.json
11822,173283,2105860.json
11826,173291,2105860.json
11844,173282,2105861.json
11866,173307,2105862.json
11870,172049,2112610.json
11892,172047,2112609.json
11914,172050,2112608.json
11936,172048,2112607.json
11953,172029,2112606.json
11957,579644,2115370.json
11963,151282,2114012.json
11969,170439,2115966.json
11991,170436,2115964.json
12013,170441,2115963.json
12035,170437,2115962.json
12046,170432,2115961.json
12050,173271,2113787.json
12084,173272,2105854.json
12106,173274,2105855.json
12128,173273,2105856.json
12150,530039,2113857.json
12154,204494,2106125.json
12176,204380,2106129.json
12180,204493,2106126.json
12184,204491,2106126.json
12202,204490,2106127.json
12224,204492,2106128.json
12246,217289,2105934.json
12250,217285,2105934.json
12268,173295,2105935.json
12290,173312,2105936.json
12294,523702,2113574.json
12299,523709,2113574.json
12307,523708,2113574.json
12311,523700,2113574.json
12316,523703,2113573.json
12323,523721,2113573.json
12327,523725,2113573.json
12333,523704,2113573.json
12338,523717,2113568.json
12342,523720,2113568.json
12348,523705,2113568.json
12352,523706,2113568.json
12360,523701,2113566.json
12364,523718,2113566.json
12370,523713,2113566.json
12374,523723,2113566.json
12382,523715,2113565.json
12394,198536,2106082.json
12398,198529,2106082.json
12416,198532,2106083.json
12420,198531,2106083.json
12438,198530,2106084.json
12442,198533,2106084.json
12460,198535,2106085.json
12488,170836,2114022.json
12494,194744,2106043.json
12498,194720,2106045.json
12503,194728,2106045.json
12520,194721,2106046.json
12524,194724,2106046.json
12542,194723,2106047.json
12564,194722,2106048.json
12568,194726,2106048.json
12586,172077,2112569.json
12608,172075,2112568.json
12630,172037,2112565.json
12634,530051,2113856.json
12638,173256,2115416.json
12660,584983,2115415.json
12665,584982,2115415.json
12682,584882,2115413.json
12686,171664,2113432.json
12708,171660,2113431.json
12719,171663,2113430.json
12741,171662,2113429.json
12763,508829,2113159.json
12767,525288,2113667.json
12777,525292,2113667.json
12789,525296,2113666.json
12793,525294,2113666.json
12799,525293,2113666.json
12807,525299,2113666.json
12811,525291,2113665.json
12821,525295,2113665.json
12842,525289,2113664.json
12852,525290,2113664.json
12857,525297,2113663.json
12861,194135,2106006.json
12878,194131,2106007.json
12882,194137,2106007.json
12900,194136,2106008.json
12922,194743,2106010.json
12928,170842,2114024.json
12942,171377,2113547.json
12964,171379,2113546.json
12986,171373,2113544.json
13008,171374,2113542.json
13019,171371,2113541.json
13025,190641,2111885.json
13031,415725,2119176.json
13041,415730,2119176.json
13053,415728,2119175.json
13057,415727,2119175.json
13063,415732,2119175.json
13067,415733,2119175.json
13079,415726,2119174.json
13085,415731,2119174.json
13097,415729,2119173.json
13107,415734,2119173.json
13119,415723,2119172.json
13123,579652,2115375.json
13129,527322,2113934.json
13135,195001,2106022.json
13139,195002,2106022.json
13157,195000,2106023.json
13179,195003,2106024.json
13183,244526,2106024.json
13201,195061,2106025.json
13205,173255,2111101.json
13227,173253,2110964.json
13231,173301,2110964.json
13271,173258,2110961.json
13288,173309,2110960.json
13294,171504,2111886.json
13300,508258,2113855.json
13330,225712,2106091.json
13335,225714,2106091.json
13352,225713,2106092.json
13356,225717,2106092.json
13374,226532,2106096.json
13378,598890,2115425.json
13382,225716,2106093.json
13404,225715,2106094.json
13408,225718,2106094.json